,position
29160,1.0
29161,1.0
29162,1.0
29163,1.0
29164,1.0
29165,0.9999999968147153
29166,0.99999998252311
29167,0.9999991879895344
29168,0.9999999696380526
29169,0.02525668500603298
29170,1.0
29171,1.0
29172,1.0
29173,1.0
29174,1.0
29175,1.0
29176,1.0
29177,2.441735766051783e-14
29178,4.705351988258038e-18
29179,2.552247012034199e-21
29180,2.6099805841125357e-30
29181,3.1036969923951174e-29
29182,2.1054449087001627e-20
29183,1.0
29184,1.0
29185,1.0
29186,1.0
29187,1.0
29188,1.0
29189,1.0
29190,1.0
29191,0.9999999999998661
29192,0.9999999999999261
29193,1.844314187640332e-17
29194,0.9994748904705782
29195,0.9878823506598102
29196,0.9999999317389061
29197,1.8863357679801374e-17
29198,1.0
29199,1.0
29200,0.9999999999964855
29201,0.9999999959510955
29202,2.1636599090278195e-18
29203,1.2216996744755556e-19
29204,1.0
29205,1.0
29206,1.0
29207,7.837857347087994e-08
29208,7.653638837331708e-13
29209,1.9539115424187322e-22
29210,0.999999999994867
29211,0.9999999999413747
29212,0.9999999999898228
29213,0.9999999999994493
29214,0.9999992064258592
29215,0.9999981363293797
29216,1.0
29217,0.9999999999991087
29218,1.0
29219,1.0
29220,1.0
29221,1.0
29222,0.9999999999999993
29223,0.999999999992846
29224,0.999999848011841
29225,0.9999817842443174
29226,0.9999998442661866
29227,0.9998150247375375
29228,1.0
29229,1.0
29230,1.0
29231,1.0
29232,1.0
29233,1.0
29234,1.0
29235,1.0
29236,1.0
29237,5.2029887697287915e-08
29238,0.0001987625537536414
29239,0.008038491706567768
29240,9.595956269479137e-24
29241,0.9999999999993834
29242,0.9999999999872726
29243,1.0
29244,1.0
29245,1.0
29246,1.0
29247,1.0
29248,0.9999996248588663
29249,0.9999921174678902
29250,0.9999999008047501
29251,0.9998449118016178
29252,0.9999986408206085
29253,0.9999991478770358
29254,0.9999506776785613
29255,0.9999998188337753
29256,0.9999996483688609
29257,1.0
29258,1.0
29259,1.0
29260,1.0
29261,1.0
29262,0.9999999999999998
29263,1.0
29264,1.0
29265,1.0
29266,1.0
29267,1.0
29268,1.0
29269,1.0
29270,0.9999999462762388
29271,0.9999999985744648
29272,1.0
29273,1.0
29274,1.0
29275,1.0
29276,1.0
29277,0.9999999999995393
29278,0.9999999996713074
29279,1.0
29280,1.0
29281,1.0
29282,0.7405346258437514
29283,0.44474334318933106
29284,1.0
29285,1.0
29286,1.0
29287,1.0
29288,1.0
29289,1.0
29290,1.0
29291,1.0
29292,1.0
29293,1.0
29294,1.0
29295,1.0
29296,0.9999999999999998
29297,1.0
29298,1.0
29299,0.9999546884901521
29300,0.9999999440139269
29301,1.0
29302,1.0
29303,1.0
29304,1.0
29305,1.0
29306,1.0
29307,1.0
29308,1.0
29309,1.0
29310,0.9999999999998106
29311,1.0
29312,1.0
29313,0.9999999999755398
29314,0.999999999997772
29315,0.9999999891112742
29316,0.9999999984086974
29317,5.008609818189948e-20
29318,1.0
29319,1.0
29320,1.0
29321,1.0
29322,1.0745838915932437e-24
29323,3.409656146455933e-20
29324,4.4870515437331817e-17
29325,0.9999999912727465
29326,1.0
29327,0.9999999999999998
29328,1.0
29329,0.9999999999772418
29330,1.0
29331,1.0
29332,1.0
29333,0.9999999999456739
29334,1.0
29335,1.0
29336,1.0
29337,1.0
29338,1.0
29339,1.0
29340,1.0
29341,1.0
29342,1.0
29343,1.0
29344,1.0
29345,1.0
29346,1.0
29347,1.0
29348,1.0
29349,1.0
29350,1.0
29351,3.7511456992534673e-38
29352,1.5393667878043931e-44
29353,7.367235935362776e-06
29354,0.0013712356932181096
29355,0.9996329377633822
29356,1.0
29357,1.0
29358,1.0
29359,1.0
29360,1.0
29361,1.0
29362,0.9999997752714364
29363,1.0
29364,1.0
29365,1.0
29366,1.0
29367,1.0
29368,1.0
29369,1.0
29370,0.9999999999899776
29371,0.9999999999999949
29372,1.1759618377956506e-25
29373,2.730150295874072e-23
29374,9.32736521944638e-25
29375,0.9999962586888267
29376,1.0
29377,1.0
29378,1.0
29379,4.190217687652293e-07
29380,0.016530867407932942
29381,1.0
29382,1.0
29383,1.0
29384,1.0
29385,0.9999999999998319
29386,0.9999999999999891
29387,0.9999999999999731
29388,1.0
29389,1.0
29390,1.0
29391,1.0
29392,0.9999999999999403
29393,3.1146849106509456e-11
29394,1.2236877253997122e-30
29395,1.1940802035646953e-25
29396,2.46881469921839e-27
29397,1.6966848898056297e-29
29398,1.4664226910145462e-25
29399,1.0
29400,0.9999999999999565
29401,0.9999999999998721
29402,0.9999999999999998
29403,0.9999999999999998
29404,1.0
29405,1.7167866806003716e-21
29406,3.496139449652787e-23
29407,1.6013427641648913e-26
29408,2.9351886128781284e-31
29409,1.5181401288259888e-29
29410,8.469049429993698e-29
29411,4.4869472576186084e-32
29412,2.22970241144252e-30
29413,0.9999992135317585
29414,0.9999999683194457
29415,0.9999999859306012
29416,0.999999999999996
29417,1.0
29418,1.0
29419,1.0
29420,0.9999999999994273
29421,0.9999999999998066
29422,0.9999999999558031
29423,1.0
29424,1.0
29425,1.0
29426,1.0
29427,1.0
29428,1.0
29429,1.0
29430,1.0
29431,1.0
29432,1.0
29433,1.0
29434,1.0
29435,1.0
29436,1.0
29437,1.0
29438,1.0
29439,1.0
29440,1.0
29441,1.0
29442,1.0
29443,1.0
29444,1.0
29445,1.0
29446,1.0
29447,1.0
29448,1.0
29449,1.0
29450,1.0
29451,1.0
29452,1.0
29453,1.0
29454,1.0
29455,1.0
29456,1.0
29457,1.0
29458,1.0
29459,1.0
29460,1.0
29461,1.0
29462,1.0
29463,1.0
29464,1.0
29465,1.0
29466,1.0
29467,1.0
29468,1.0
29469,1.0
29470,1.0
29471,1.0
29472,1.0
29473,1.0
29474,1.0
29475,1.0
29476,1.0
29477,1.0
29478,1.0
29479,1.0
29480,1.0
29481,1.0
29482,1.0
29483,1.0
29484,1.0
29485,1.0
29486,1.0
29487,1.0
29488,1.0
29489,1.0
29490,1.0
29491,1.0
29492,1.0
29493,1.0
29494,1.0
29495,1.0
29496,0.9999999997891167
29497,1.0
29498,1.0
29499,1.0
29500,1.0
29501,1.0
29502,1.0
29503,1.0
29504,1.0
29505,1.0
29506,1.0
29507,1.0
29508,1.0
29509,1.0
29510,0.9999999999999927
29511,1.0
29512,1.0
29513,1.0
29514,1.0
29515,1.0
29516,1.0
29517,1.0
29518,1.0
29519,1.0
29520,1.0
29521,1.0
29522,1.0
29523,1.0
29524,1.0
29525,1.0
29526,1.0
29527,1.0
29528,1.0
29529,1.0
29530,1.0
29531,1.0
29532,1.0
29533,1.0
29534,1.0
29535,1.0
29536,1.0
29537,1.0
29538,1.0
29539,1.22078626853836e-07
29540,1.0
29541,1.0
29542,1.0
29543,1.0
29544,1.0
29545,1.0
29546,1.0
29547,1.0
29548,1.0
29549,1.0
29550,1.0
29551,1.0
29552,1.0
29553,1.0
29554,1.0
29555,1.0
29556,1.0
29557,1.0
29558,1.0
29559,1.0
29560,1.0
29561,1.0
29562,1.0
29563,1.0
29564,1.0
29565,1.0
29566,1.0
29567,1.0
29568,1.0
29569,1.0
29570,1.0
29571,1.0
29572,1.0
29573,1.0
29574,1.0
29575,1.0
29576,1.0
29577,1.0
29578,1.0
29579,1.0
29580,1.0
29581,1.0
29582,1.0
29583,2.7719481300278707e-26
29584,1.0
29585,1.0
29586,1.0
29587,1.0
29588,1.0
29589,1.0
29590,1.0
29591,1.0
29592,1.0
29593,1.0
29594,1.0
29595,1.0
29596,1.0
29597,1.0
29598,1.0
29599,1.0
29600,6.059615649026366e-38
29601,1.0605776721021377e-05
29602,1.0
29603,1.0
29604,1.0
29605,1.0
29606,1.0
29607,1.0
29608,1.0
29609,1.0
29610,1.0
29611,1.0
29612,1.0
29613,0.9999999999999976
29614,1.0
29615,1.0
29616,1.0
29617,1.0
29618,1.0
29619,1.0
29620,1.0
29621,1.0
29622,1.0
29623,1.0
29624,1.0
29625,1.0
29626,1.0
29627,1.0
29628,1.0
29629,1.0
29630,1.0
29631,1.0
29632,1.0
29633,1.0
29634,1.0
29635,1.0
29636,1.0
29637,1.0
29638,1.0
29639,1.0
29640,1.0
29641,1.0
29642,1.0
29643,1.0
29644,1.0
29645,1.0
29646,1.0
29647,1.0
29648,1.0
29649,1.0
29650,1.0
29651,1.0
29652,1.0
29653,1.0
29654,1.0
29655,1.0
29656,1.0
29657,1.0
29658,1.0
29659,1.0
29660,1.0
29661,1.0
29662,1.0
29663,1.0
29664,1.0
29665,1.0
29666,1.0
29667,1.0
29668,1.0
29669,1.0
29670,1.0
29671,1.0
29672,1.0
29673,1.0
29674,1.0
29675,1.0
29676,1.0
29677,1.0
29678,1.0
29679,1.0
29680,1.0
29681,1.0
29682,1.0
29683,1.0
29684,1.0
29685,1.0
29686,1.0
29687,1.0
29688,1.0
29689,1.0
29690,1.0
29691,1.0
29692,1.0
29693,1.0
29694,1.0
29695,1.0
29696,1.0
29697,1.0
29698,1.0
29699,1.0
29700,1.0
29701,1.0
29702,1.0
29703,1.0
29704,9.421952973234943e-15
29705,1.0
29706,1.0
29707,1.0
29708,1.0
29709,1.0
29710,1.0
29711,1.0
29712,1.0
29713,1.0
29714,1.0
29715,1.0
29716,1.0
29717,0.9999999992802111
29718,1.0
29719,1.0
29720,1.0
29721,1.0
29722,1.0
29723,1.0
29724,1.0
29725,2.4067613486755083e-15
29726,1.0
29727,1.0
29728,1.0
29729,1.0
29730,1.0
29731,1.0
29732,1.0
29733,1.0
29734,1.0
29735,1.0
29736,1.0
29737,1.0
29738,1.0
29739,1.0
29740,1.0
29741,1.0
29742,1.0
29743,1.0
29744,1.0
29745,1.0
29746,1.0
29747,1.0
29748,1.0
29749,1.0
29750,1.0
29751,1.0
29752,1.0
29753,1.0
29754,1.0
29755,1.0
29756,1.0
29757,1.0
29758,1.0
29759,1.0
29760,1.0
29761,1.0
29762,1.0
29763,1.0
29764,1.0
29765,1.0
29766,1.0
29767,1.0
29768,1.0
29769,1.0
29770,1.0
29771,1.0
29772,1.0
29773,1.0
29774,1.0
29775,1.0
29776,1.0
29777,1.0
29778,1.0
29779,1.0
29780,1.0
29781,1.0
29782,1.0
29783,1.0
29784,1.0
29785,1.0
29786,1.0
29787,1.0
29788,1.0
29789,1.0
29790,1.0
29791,1.0
29792,1.0
29793,1.0
29794,1.0
29795,1.0
29796,1.0
29797,1.0
29798,1.0
29799,1.0
29800,1.0
29801,1.0
29802,1.0
29803,1.0
29804,1.0
29805,1.0
29806,1.0
29807,1.0
29808,1.0
29809,1.0
29810,1.0
29811,1.0
29812,1.0
29813,1.0
29814,1.0
29815,1.0
29816,1.0
29817,1.0
29818,1.0
29819,1.0
29820,1.0
29821,1.0
29822,1.0
29823,1.0
29824,1.0
29825,1.0
29826,1.0
29827,1.0
29828,1.0
29829,1.0
29830,1.0
29831,1.0
29832,1.0
29833,1.0
29834,1.0
29835,1.0
29836,1.0
29837,1.0
29838,1.0
29839,1.0
29840,1.0
29841,1.6150753947472182e-26
29842,1.0
29843,1.0
29844,1.0
29845,1.0
29846,1.0
29847,1.0
29848,1.0
29849,1.0
29850,1.0
29851,0.9999999999911104
29852,1.0
29853,1.0
29854,1.0
29855,1.0
29856,1.0
29857,1.0
29858,1.0
29859,1.0
29860,1.0
29861,1.0
29862,1.0
29863,1.0
29864,1.0
29865,1.0
29866,1.0
29867,1.0
29868,1.0
29869,1.0
29870,1.0
29871,1.0
29872,1.0
29873,3.8106482214219124e-08
29874,0.8233204860363098
29875,1.0
29876,1.0
29877,1.0
29878,1.0
29879,1.0
29880,1.0
29881,1.0
29882,1.0
29883,1.0
29884,1.0
29885,1.0
29886,1.0
29887,1.0
29888,1.0
29889,1.0
29890,1.0
29891,1.0
29892,1.0
29893,1.0
29894,1.0
29895,1.0
29896,1.0
29897,1.0
29898,1.0
29899,1.0
29900,1.0
29901,1.0
29902,1.0
29903,1.0
29904,1.0
29905,1.0
29906,1.0
29907,1.0
29908,1.0
29909,1.0
29910,1.0
29911,1.0
29912,1.0
29913,1.0
29914,1.0
29915,1.0
29916,1.0
29917,1.0
29918,1.0
29919,0.9999998620936071
29920,1.0
29921,1.0
29922,1.0
29923,1.0
29924,1.0
29925,1.0
29926,1.0
29927,1.0
29928,1.0
29929,1.0
29930,2.742675188302832e-24
29931,1.0
29932,1.0
29933,1.0
29934,0.9999999999997882
29935,1.0056489414302348e-33
29936,5.355133606459335e-34
29937,1.0
29938,1.0
29939,1.0
29940,1.0
29941,1.0
29942,1.0
29943,1.0
29944,1.0
29945,1.0
29946,1.0
29947,0.999999999999996
29948,1.0
29949,0.9999999994896955
29950,1.0
29951,2.1408581223440933e-09
29952,1.0
29953,1.0
29954,1.0
29955,1.0
29956,1.0
29957,6.640982830567187e-20
29958,1.0
29959,1.0
29960,1.0
29961,1.0
29962,1.0
29963,1.0
29964,1.0
29965,1.0
29966,1.0
29967,1.0
29968,1.0
29969,1.0
29970,1.0
29971,0.5171957643824694
29972,0.1917847935974678
29973,1.0
29974,0.5035356743596356
29975,1.0
29976,1.0
29977,1.0
29978,1.0
29979,1.0
29980,1.0
29981,1.0
29982,1.0
29983,1.0
29984,1.0
29985,1.0
29986,1.0
29987,1.0
29988,1.0
29989,0.9999999999999962
29990,1.0
29991,1.0
29992,1.0
29993,1.0
29994,1.0
29995,0.9999999999999996
29996,1.0
29997,1.0
29998,1.0
29999,1.0
30000,1.0
30001,1.0
30002,1.0
30003,1.0
30004,1.0
30005,1.0
30006,1.0
30007,0.99999999999719
30008,1.0
30009,1.0
30010,1.0
30011,1.0
30012,1.0
30013,1.0
30014,1.0
30015,1.0
30016,1.0
30017,2.788427721443748e-08
30018,5.100431766997385e-12
30019,1.0
30020,1.0
30021,1.0
30022,1.0
30023,1.0
30024,1.0
30025,1.0
30026,1.0
30027,1.0
30028,1.0
30029,1.0
30030,1.0
30031,1.0
30032,1.0
30033,1.0
30034,1.0
30035,1.0
30036,1.0
30037,1.0
30038,1.0
30039,1.0
30040,1.0
30041,1.0
30042,1.0
30043,1.0
30044,1.0
30045,1.0
30046,1.0
30047,1.0
30048,1.0
30049,1.0
30050,1.0
30051,1.0
30052,1.0
30053,1.0
30054,1.0
30055,1.0
30056,1.0
30057,1.0
30058,1.0
30059,1.0
30060,1.0
30061,1.0
30062,1.0
30063,1.0
30064,1.0
30065,1.0
30066,1.0
30067,1.0
30068,1.0
30069,1.0
30070,1.0
30071,1.0
30072,1.0
30073,1.0
30074,1.0
30075,1.0
30076,1.0
30077,1.0
30078,1.0
30079,1.0
30080,1.0
30081,1.0
30082,1.0
30083,1.0
30084,1.0
30085,1.0
30086,1.0
30087,1.0
30088,1.0
30089,1.0
30090,1.0
30091,1.0
30092,1.0
30093,1.0
30094,1.0
30095,1.0
30096,1.0
30097,1.0
30098,1.0
30099,1.0
30100,2.045983864309711e-23
30101,4.578096376164806e-18
30102,1.4936416941080291e-12
30103,8.690811539762168e-09
30104,1.0
30105,1.0
30106,1.0
30107,1.0
30108,1.0
30109,1.0
30110,1.0
30111,0.9999999760089183
30112,0.9999999999999996
30113,3.080417115077982e-05
30114,1.0
30115,1.0
30116,1.0
30117,5.281675270442667e-10
30118,5.024342917619557e-16
30119,1.0
30120,1.0
30121,1.0
30122,1.0
30123,1.0
30124,1.0
30125,1.0
30126,1.0
30127,1.0
30128,1.0
30129,1.0
30130,1.0
30131,1.0
30132,1.0
30133,1.0
30134,1.0
30135,1.0
30136,1.0
30137,1.0
30138,1.0
30139,1.0
30140,1.0
30141,1.0
30142,1.0
30143,1.0
30144,1.0
30145,1.0
30146,1.0
30147,1.0
30148,1.0
30149,1.0
30150,1.0
30151,1.0
30152,6.635576345895496e-16
30153,6.011741728192294e-11
30154,3.826395995784231e-11
30155,1.0
30156,1.0
30157,1.0
30158,1.0
30159,1.0
30160,1.0
30161,1.0
30162,1.0
30163,1.0
30164,1.0
30165,1.0
30166,1.0
30167,1.0
30168,1.0
30169,0.4188722873669662
30170,8.773844723591635e-50
30171,9.024457058133302e-43
30172,1.8802474521064314e-39
30173,0.9744241441693249
30174,1.0
30175,1.0
30176,1.0
30177,1.0
30178,1.0
30179,1.0
30180,1.0
30181,1.0
30182,1.0
30183,1.0
30184,1.0
30185,1.0
30186,0.9999999999999669
30187,1.0
30188,1.0
30189,1.0
30190,3.5888823706806877e-10
30191,1.097477797437406e-34
30192,1.0
30193,1.0
30194,1.0
30195,1.0
30196,1.0
30197,1.0
30198,1.0
30199,1.0
30200,1.0
30201,1.0
30202,1.0
30203,1.0
30204,1.0
30205,1.0
30206,1.0
30207,1.0
30208,1.0
30209,1.0
30210,1.0
30211,1.0
30212,1.0
30213,1.0
30214,1.0
30215,4.775278595690187e-20
30216,6.047870361760819e-31
30217,1.0
30218,1.0
30219,1.0
30220,1.0
30221,1.0
30222,1.0
30223,1.0
30224,1.0
30225,1.0
30226,1.0
30227,1.0
30228,1.0
30229,1.0
30230,1.0
30231,1.0
30232,1.0
30233,1.0
30234,1.0
30235,1.0
30236,1.0
30237,1.0
30238,1.0
30239,1.0
30240,1.0
30241,1.0
30242,1.0
30243,1.0
30244,1.0
30245,1.0
30246,1.0
30247,0.9998932351871278
30248,0.9979061047962366
30249,1.0001778883418194e-14
30250,1.0
30251,1.0
30252,1.0
30253,1.0
30254,1.0
30255,1.0
30256,1.0
30257,1.0
30258,1.0
30259,1.0
30260,1.0
30261,1.0
30262,1.0
30263,1.0
30264,0.9999999999999747
30265,1.0
30266,1.0
30267,1.0
30268,1.0
30269,1.0
30270,1.0
30271,0.999938541683603
30272,2.3762235574307834e-35
30273,1.8462653205890138e-32
30274,1.0
30275,1.0
30276,1.0
30277,1.0
30278,1.0
30279,1.0
30280,1.0
30281,1.0
30282,1.0
30283,1.0
30284,1.0
30285,1.0
30286,1.0
30287,1.0
30288,1.0
30289,1.0
30290,1.0
30291,1.0
30292,1.0
30293,0.9999630104545592
30294,7.813099157506821e-20
30295,1.0
30296,1.0
30297,1.0
30298,1.0
30299,1.0
30300,1.0
30301,1.0
30302,1.0
30303,1.0
30304,1.0
30305,1.0
30306,1.0
30307,1.0
30308,1.0
30309,1.0
30310,1.0
30311,1.0
30312,1.0
30313,1.0
30314,1.0
30315,1.0
30316,1.0
30317,1.0
30318,1.0
30319,1.0
30320,1.0
30321,1.0
30322,1.0
30323,1.0
30324,1.0
30325,1.0
30326,1.0
30327,1.0
30328,1.0
30329,1.0
30330,1.0
30331,1.0
30332,1.0
30333,1.0
30334,1.0
30335,1.0
30336,1.0
30337,1.0
30338,1.0
30339,1.0
30340,0.9999824180619766
30341,1.0
30342,1.0
30343,1.0
30344,1.0
30345,1.0
30346,1.0
30347,1.0
30348,1.0
30349,1.0
30350,1.0
30351,2.0730907234710893e-19
30352,8.630196712673817e-41
30353,8.936573866775e-09
30354,1.0
30355,1.0
30356,0.9999999999936091
30357,0.9999999999999973
30358,0.9999999734556302
30359,1.0
30360,1.0
30361,1.0
30362,1.0
30363,1.0
30364,1.0
30365,1.0
30366,1.0
30367,1.0
30368,1.0
30369,1.0
30370,1.0
30371,1.0
30372,1.0
30373,1.0
30374,1.0
30375,1.0
30376,0.07215233802568732
30377,3.809941846790557e-46
30378,9.845724450437689e-08
30379,1.0
30380,1.0
30381,1.0
30382,1.0
30383,1.0
30384,1.0
30385,1.0
30386,1.0
30387,1.0
30388,1.0
30389,1.0
30390,1.0
30391,1.0
30392,1.0
30393,1.0
30394,1.0
30395,1.0
30396,1.0
30397,1.0
30398,1.0
30399,1.0
30400,1.0
30401,4.6535197983546845e-36
30402,1.481427300911898e-54
30403,9.036675060684006e-51
30404,1.7419807862984137e-46
30405,4.212367128867391e-33
30406,1.0
30407,1.0
30408,1.0
30409,1.0
30410,1.0
30411,1.0
30412,1.0
30413,1.0
30414,0.9999999947055047
30415,1.0
30416,1.0
30417,1.0
30418,1.0
30419,1.0
30420,1.0
30421,1.0
30422,1.0
30423,1.0
30424,0.9999999933006702
30425,1.0
30426,1.0
30427,1.0
30428,1.0
30429,1.0
30430,1.0
30431,1.0
30432,3.49369380085222e-28
30433,1.4185973239970783e-13
30434,7.400565583636902e-44
30435,1.6384052362498467e-38
30436,2.5257668451348327e-30
30437,3.561049134431328e-28
30438,7.821500277799741e-38
30439,9.308467787127883e-44
30440,1.0834085748795856e-43
30441,1.3699811370747703e-45
30442,1.0
30443,1.0
30444,1.0
30445,1.0
30446,1.0
30447,1.0
30448,1.0
30449,1.0
30450,1.0
30451,1.0
30452,1.0
30453,1.0
30454,1.0
30455,1.0
30456,1.0
30457,1.0
30458,1.0
30459,1.407740428732401e-30
30460,6.566093427387788e-29
30461,1.4581648653706245e-26
30462,5.904992613226586e-33
30463,2.1719454953700924e-41
30464,1.6807286569685244e-40
30465,1.0223607621687533e-26
30466,2.804461374123601e-29
30467,1.0
30468,1.0
30469,1.0
30470,1.0
30471,1.0
30472,3.171475378804621e-33
30473,0.9999999999998801
30474,1.0
30475,1.0
30476,1.0
30477,1.0
30478,1.0
30479,1.0
30480,1.0
30481,1.0
30482,1.0
30483,1.0
30484,1.0
30485,1.0
30486,1.0
30487,1.0
30488,2.931528080009722e-10
30489,1.0
30490,1.0
30491,1.0
30492,1.0
30493,1.0
30494,1.0
30495,1.0
30496,1.0
30497,1.0
30498,1.0
30499,0.999999999999968
30500,1.0
30501,1.0
30502,1.0
30503,1.0
30504,1.0
30505,1.0
30506,1.0
30507,1.0
30508,1.0
30509,1.0
30510,1.0
30511,2.638078381091612e-07
30512,1.0
30513,1.0
30514,1.0
30515,1.0
30516,1.0
30517,1.0
30518,1.0
30519,1.0
30520,1.0
30521,1.0
30522,1.0
30523,1.0
30524,1.0
30525,1.0
30526,1.0
30527,1.0
30528,0.9999999999999996
30529,0.9999999999999976
30530,0.04170993419037643
30531,3.162334002183175e-08
30532,0.9999999999562192
30533,1.0
30534,1.0
30535,1.0
30536,1.0
30537,0.9999998542806358
30538,0.99999999998642
30539,0.9999999999984219
30540,5.744656455101427e-65
30541,9.42608931310005e-55
30542,2.4108183374117836e-54
30543,1.2326058232071938e-57
30544,3.9616429891495466e-42
30545,8.091785297501482e-49
30546,3.888497008391304e-18
30547,9.829628083214358e-30
30548,1.4489673945951858e-45
30549,2.5973567151005593e-16
30550,1.745222956900749e-33
30551,1.0
30552,1.0
30553,1.0
30554,1.0
30555,1.0
30556,1.0
30557,1.0
30558,1.0
30559,1.0
30560,1.0
30561,1.0
30562,1.0
30563,1.0
30564,1.0
30565,2.5777391413341497e-34
30566,1.8504301589576865e-40
30567,3.731280265498407e-43
30568,1.0
30569,1.0
30570,1.0
30571,1.0
30572,1.0
30573,1.0
30574,1.0
30575,0.9999999999999942
30576,1.0
30577,1.0
30578,1.0
30579,1.0
30580,1.0
30581,1.0
30582,1.0
30583,1.0
30584,1.0
30585,1.0
30586,1.0
30587,1.0
30588,1.0
30589,1.800107285814555e-07
30590,0.9955673012390707
30591,0.9999881691927125
30592,4.0359572658240825e-24
30593,1.0
30594,1.0
30595,1.0
30596,1.0
30597,1.0
30598,1.0
30599,1.0
30600,1.0
30601,1.0
30602,1.0
30603,1.0
30604,1.0
30605,1.0
30606,1.0
30607,1.0
30608,1.0
30609,1.0
30610,1.0
30611,1.0
30612,1.0
30613,1.0
30614,1.0
30615,1.8556035718020454e-46
30616,3.95611061284715e-46
30617,0.9999999916045733
30618,0.9999999772061953
30619,1.0
30620,1.0
30621,1.0
30622,1.0
30623,1.0
30624,1.0
30625,1.0
30626,1.0
30627,1.0
30628,1.0
30629,1.0
30630,1.0
30631,1.0
30632,1.0
30633,1.0
30634,1.0
30635,1.0
30636,1.0
30637,1.0
30638,1.0
30639,1.0
30640,1.0
30641,1.0
30642,1.0
30643,1.0
30644,1.0
30645,1.0
30646,1.0
30647,1.0
30648,1.0
30649,1.0
30650,1.0
30651,1.0
30652,1.0
30653,1.0
30654,1.0
30655,1.0
30656,1.0
30657,1.0
30658,1.0
30659,1.0
30660,1.0
30661,1.0
30662,1.0
30663,1.0
30664,1.0
30665,1.0
30666,1.0
30667,1.0
30668,1.0
30669,1.0
30670,1.0
30671,1.0
30672,1.0
30673,1.0
30674,1.0
30675,1.0
30676,1.0
30677,1.0
30678,1.0
30679,1.0
30680,1.0
30681,1.0
30682,1.0
30683,1.0
30684,1.0
30685,1.0
30686,1.0
30687,1.0
30688,1.0
30689,1.0
30690,1.0
30691,1.0
30692,1.0
30693,1.0
30694,1.0
30695,1.0
30696,1.0
30697,1.0
30698,1.0
30699,1.0
30700,1.0
30701,1.0
30702,1.0
30703,1.0
30704,1.0
30705,1.0
30706,1.0
30707,1.0
30708,1.0
30709,1.0
30710,1.0
30711,1.0
30712,1.0
30713,1.0
30714,1.0
30715,1.0
30716,1.0
30717,1.0
30718,1.0
30719,1.0
30720,1.0
30721,1.0
30722,1.0
30723,1.0
30724,1.0
30725,1.0
30726,1.0
30727,1.0
30728,1.0
30729,1.0
30730,1.0
30731,1.0
30732,1.0
30733,1.0
30734,1.0
30735,1.0
30736,1.0
30737,1.0
30738,1.0
30739,1.0
30740,1.0
30741,1.0
30742,1.0
30743,1.0
30744,1.0
30745,1.0
30746,1.0
30747,1.0
30748,1.0
30749,1.0
30750,1.0
30751,1.0
30752,1.0
30753,1.0
30754,1.0
30755,1.0
30756,1.0
30757,1.0
30758,0.9999980793464777
30759,1.0
30760,1.0
30761,1.0
30762,1.0
30763,1.0
30764,1.0
30765,1.0
30766,1.0
30767,1.0
30768,1.0
30769,1.0
30770,1.0
30771,1.0
30772,1.0
30773,1.0
30774,2.5003534794074503e-16
30775,0.9999999999999978
30776,1.0
30777,1.0
30778,1.0
30779,1.0
30780,1.0
30781,1.0
30782,1.0
30783,1.0
30784,1.0
30785,0.9999999999999996
30786,1.0
30787,1.0
30788,1.0
30789,1.0
30790,1.0
30791,1.0
30792,1.0
30793,1.0
30794,1.0
30795,1.0
30796,1.0
30797,1.0
30798,1.0
30799,1.0
30800,1.0
30801,1.0
30802,1.0
30803,1.0
30804,1.0
30805,1.0
30806,1.0
30807,1.0
30808,1.0
30809,1.0
30810,1.0
30811,1.0
30812,1.0
30813,1.0
30814,1.0
30815,1.0
30816,1.0
30817,1.0
30818,1.0
30819,1.0
30820,1.0
30821,1.0
30822,1.0
30823,1.0872951936676973e-16
30824,1.0
30825,1.0
30826,1.0
30827,1.0
30828,1.0
30829,1.0
30830,1.0
30831,1.0
30832,1.0
30833,1.0
30834,1.0
30835,1.0
30836,1.0
30837,1.0
30838,7.333446188512815e-31
30839,2.5151036136828004e-29
30840,0.9999999999999998
30841,1.0
30842,1.0
30843,1.0
30844,1.0
30845,1.0
30846,9.769676153388206e-27
30847,2.1104155131705384e-21
30848,1.2431497059614887e-31
30849,1.0
30850,1.0
30851,1.0
30852,1.0
30853,1.0
30854,1.0
30855,1.0
30856,1.0
30857,1.0
30858,1.0
30859,1.0
30860,1.0
30861,1.0
30862,1.0
30863,1.0
30864,1.0
30865,1.0
30866,1.0
30867,1.0
30868,3.822794195769072e-12
30869,2.0935031414667116e-23
30870,1.0
30871,1.0
30872,1.0
30873,1.0
30874,0.9999999999999993
30875,1.0
30876,1.0
30877,1.0
30878,1.0
30879,1.0
30880,1.0
30881,1.0
30882,1.0
30883,1.0
30884,1.0
30885,1.0
30886,1.0
30887,0.9999999999999951
30888,0.9999999999999998
30889,0.9999999999855105
30890,1.0
30891,1.0
30892,1.0
30893,1.0
30894,1.0
30895,1.0
30896,1.0
30897,7.195963744908503e-25
30898,1.0
30899,1.0
30900,1.0
30901,1.0
30902,1.0
30903,1.0
30904,1.0
30905,1.0
30906,1.0
30907,1.0
30908,1.0
30909,1.0
30910,1.0
30911,1.0
30912,1.0
30913,1.0
30914,1.0
30915,1.0
30916,1.0
30917,1.0
30918,1.0
30919,1.0
30920,1.0
30921,1.0
30922,1.0
30923,1.0
30924,7.01594655918447e-27
30925,1.0000948026897425e-35
30926,4.16527251933648e-34
30927,5.208143451475607e-13
30928,0.9999999672846644
30929,0.9999999113631551
30930,1.0
30931,1.0
30932,1.0
30933,1.0
30934,1.0
30935,1.0
30936,1.0
30937,1.0
30938,1.0
30939,1.0
30940,1.0
30941,1.0
30942,1.0
30943,1.0
30944,1.0
30945,1.0
30946,1.0
30947,1.0
30948,1.0
30949,1.0
30950,1.0
30951,0.9999999867192149
30952,1.0
30953,1.0
30954,1.0
30955,1.0
30956,1.0
30957,1.0
30958,0.9999999999999964
30959,2.40909121433286e-72
30960,6.651844000186184e-69
30961,1.0
30962,1.0
30963,1.0
30964,1.0
30965,1.0
30966,1.0
30967,0.9999999997664788
30968,1.0
30969,1.0
30970,1.0
30971,1.0
30972,1.0
30973,1.0
30974,1.0
30975,0.060142429524593956
30976,1.0
30977,1.0
30978,1.0
30979,0.9999990641562418
30980,1.0
30981,1.0
30982,1.0
30983,1.0
30984,1.0
30985,1.0
30986,1.0
30987,1.0
30988,1.0
30989,1.0
30990,1.0
30991,1.0
30992,1.0
30993,1.0
30994,1.0
30995,1.0
30996,1.0
30997,1.0
30998,1.0
30999,1.0
31000,1.0
31001,0.9999999980973702
31002,9.2678792769697e-05
31003,1.8664607251326806e-09
31004,0.9999757285104612
31005,1.3820334285542345e-25
31006,1.0
31007,1.0
31008,1.0
31009,1.0
31010,1.0
31011,1.0
31012,1.0
31013,1.0
31014,1.0
31015,1.0
31016,1.0
31017,1.0
31018,1.0
31019,1.0
31020,1.0
31021,1.0
31022,1.0
31023,1.6217445375530756e-35
31024,1.0
31025,1.0
31026,1.0
31027,1.0
31028,1.0
31029,1.0
31030,1.0
31031,1.0
31032,1.0
31033,1.0
31034,1.0
31035,1.0
31036,1.0
31037,1.0
31038,1.0
31039,0.9999999999985272
31040,1.0
31041,1.0
31042,1.0
31043,1.0
31044,1.0
31045,1.0
31046,1.0
31047,1.0
31048,1.0
31049,1.0
31050,1.0
31051,1.0
31052,1.0
31053,1.0
31054,1.0
31055,1.0
31056,1.0
31057,1.0
31058,1.0
31059,1.0
31060,1.0
31061,1.0
31062,1.0
31063,1.0
31064,1.0
31065,1.0
31066,1.0
31067,1.0
31068,1.0
31069,1.0
31070,1.272196384205356e-35
31071,1.9657531796091114e-39
31072,0.9999999999999198
31073,1.0
31074,1.0
31075,1.0
31076,4.052160833125149e-51
31077,1.9271029781792372e-48
31078,1.0
31079,1.0
31080,1.0
31081,1.0
31082,1.0
31083,1.0
31084,1.0
31085,1.0
31086,1.0
31087,1.0
31088,1.0
31089,1.0
31090,1.0
31091,1.0
31092,1.0
31093,3.6741103816977516e-18
31094,4.74776978587008e-17
31095,6.932408561472908e-39
31096,1.0
31097,1.0
31098,1.0
31099,1.0
31100,1.0
31101,1.0
31102,1.0
31103,1.0
31104,1.660557816903065e-14
31105,0.9999999999999931
31106,1.0
31107,1.0
31108,1.0
31109,1.0
31110,1.0
31111,1.0
31112,1.0
31113,1.0
31114,1.0
31115,1.0
31116,1.0
31117,0.9999999959284314
31118,1.0
31119,5.3428107499188495e-40
31120,1.0
31121,1.0
31122,2.8735918967742946e-13
31123,1.0
31124,1.0
31125,1.0
31126,1.0
31127,3.470739560104474e-11
31128,1.0
31129,1.0
31130,3.583792213724762e-28
31131,1.0
31132,1.0
31133,1.0
31134,1.0
31135,0.5951671970320315
31136,1.0
31137,1.0
31138,1.0
31139,1.0
31140,1.0
31141,1.0
31142,1.0
31143,1.0
31144,1.0
31145,1.0
31146,1.0
31147,1.0
31148,1.0
31149,1.0
31150,1.0
31151,1.0
31152,1.0
31153,1.0
31154,1.0
31155,3.6405341223541103e-44
31156,3.296031493404023e-19
31157,0.9999611834931873
31158,1.0
31159,1.0
31160,1.0
31161,1.0
31162,1.0
31163,1.0
31164,1.0
31165,2.0347700306573393e-18
31166,3.2368955547060264e-22
31167,1.0
31168,1.0
31169,1.0
31170,1.0
31171,1.0
31172,1.0
31173,1.0
31174,1.0
31175,1.0
31176,1.0
31177,1.0
31178,1.0
31179,1.0
31180,1.0
31181,1.0
31182,1.0
31183,1.0
31184,1.0
31185,1.0
31186,1.0
31187,1.0
31188,1.0
31189,1.0
31190,1.0
31191,1.0
31192,1.0
31193,1.0
31194,1.0
31195,1.0
31196,1.0
31197,1.0
31198,3.41683469212815e-32
31199,1.0
31200,1.0
31201,1.0
31202,1.0
31203,1.0
31204,1.0
31205,1.0
31206,1.0
31207,1.0
31208,1.0
31209,1.0
31210,1.0
31211,1.0
31212,1.0
31213,1.0
31214,1.0
31215,0.9113766619752874
31216,1.0027050290277611e-14
31217,1.0
31218,1.0
31219,1.0
31220,1.1883564404719401e-20
31221,0.9999999998177422
31222,1.0
31223,1.0
31224,1.0
31225,1.0
31226,1.0
31227,1.0
31228,1.0
31229,1.0
31230,1.0
31231,1.0
31232,9.032205377268805e-11
31233,1.0
31234,1.0
31235,1.0
31236,1.0
31237,1.0
31238,1.0
31239,1.0
31240,1.0
31241,1.0
31242,1.0
31243,1.0
31244,1.0
31245,1.0
31246,1.0
31247,1.0
31248,1.0
31249,1.0
31250,1.0
31251,1.0
31252,1.533608607635622e-12
31253,1.0
31254,1.0
31255,1.0
31256,1.0
31257,1.0
31258,1.0
31259,1.0
31260,1.0
31261,1.186262125088399e-17
31262,1.0
31263,2.5160875379621916e-42
31264,1.4647685793093811e-58
31265,5.363515806917805e-25
31266,1.0
31267,1.0
31268,1.0
31269,1.0
31270,1.0
31271,1.0
31272,1.0
31273,1.0
31274,1.0
31275,1.0
31276,1.0
31277,1.0
31278,1.0
31279,1.0
31280,1.0
31281,1.0
31282,1.0
31283,1.0
31284,1.0
31285,1.0
31286,1.0
31287,1.0
31288,1.0
31289,4.547715127881543e-47
31290,1.0
31291,1.0
31292,1.0
31293,1.0
31294,1.0
31295,1.0
31296,1.0
31297,1.0
31298,4.9630122586543174e-11
31299,3.2113807772454136e-11
31300,1.0
31301,1.0
31302,1.0
31303,1.0
31304,1.0
31305,1.0
31306,1.0
31307,1.0
31308,1.0
31309,1.0
31310,1.0
31311,1.0
31312,0.9999927902924303
31313,1.0
31314,1.0
31315,1.0
31316,1.0
31317,1.0
31318,1.0
31319,1.0
31320,1.0
31321,4.582907357843113e-28
31322,3.329755128655298e-45
31323,1.0
31324,1.0
31325,1.0
31326,1.0
31327,1.0
31328,1.0
31329,1.0
31330,1.0
31331,1.0
31332,1.0
31333,1.0
31334,1.0
31335,1.0
31336,1.0
31337,1.0
31338,1.0
31339,1.0
31340,1.0
31341,1.0
31342,1.0
31343,1.0
31344,1.0
31345,1.0
31346,1.0
31347,1.0
31348,1.0
31349,1.0
31350,1.0
31351,1.0
31352,1.0
31353,1.0
31354,1.0
31355,1.0
31356,1.0
31357,1.0
31358,2.012417762141831e-23
31359,1.0
31360,1.0
31361,1.0
31362,1.0
31363,1.0
31364,1.0
31365,1.0
31366,1.0
31367,1.0
31368,1.0
31369,1.0
31370,1.0
31371,1.0
31372,1.0
31373,1.0
31374,1.0
31375,1.0
31376,1.0
31377,1.0
31378,1.0
31379,1.0
31380,1.0
31381,1.0
31382,1.0
31383,1.0
31384,1.0
31385,1.0
31386,0.9999999999999998
31387,1.0
31388,1.0
31389,1.0
31390,1.0
31391,1.0
31392,1.0
31393,1.0
31394,1.0
31395,1.0
31396,1.0
31397,1.0
31398,1.0
31399,1.0
31400,1.0
31401,1.0
31402,1.0
31403,1.0
31404,1.0
31405,1.0
31406,1.0
31407,1.0
31408,1.0
31409,1.0
31410,1.0
31411,1.0
31412,1.0
31413,1.0
31414,1.0
31415,1.0
31416,1.0
31417,1.0
31418,1.0
31419,1.0
31420,1.0
31421,0.9999999999999987
31422,1.0
31423,1.0
31424,1.0
31425,1.0
31426,1.0
31427,1.0
31428,1.0
31429,0.9999999999999998
31430,1.0
31431,1.0
31432,1.0
31433,3.642287336600963e-61
31434,6.51924415482835e-61
31435,3.424361830297883e-44
31436,0.9999999999999978
31437,1.0
31438,1.0
31439,2.6165145364555663e-38
31440,1.0
31441,1.0
31442,1.0
31443,1.0
31444,1.0
31445,1.0
31446,1.0
31447,1.0
31448,1.0
31449,1.0
31450,1.0
31451,1.0
31452,1.0
31453,1.0
31454,1.0
31455,1.0
31456,1.0
31457,1.0
31458,1.0
31459,1.0
31460,1.0
31461,1.0
31462,1.0
31463,2.3869839577672757e-23
31464,1.0
31465,1.0
31466,1.0
31467,1.0
31468,1.0
31469,1.0
31470,1.0
31471,1.0
31472,1.0
31473,1.0
31474,1.0
31475,1.0
31476,1.0
31477,0.9999999999786136
31478,1.0
31479,1.1921130380656585e-48
31480,1.0
31481,1.0
31482,1.0
31483,1.0
31484,1.0
31485,1.0
31486,3.000991406999821e-13
31487,1.5997897761656055e-05
31488,1.0
31489,1.0
31490,1.0
31491,1.0
31492,0.2584030806325399
31493,0.9999999999999993
31494,1.0
31495,0.999997641194627
31496,2.4548426333571762e-32
31497,2.3279225413341505e-34
31498,4.828232983099462e-45
31499,5.116061160769635e-34
31500,1.5879042380853647e-29
31501,4.178584375682571e-42
31502,4.342018875968719e-33
31503,1.0
31504,1.0
31505,1.0
31506,1.0
31507,1.0
31508,1.0
31509,1.0
31510,1.0
31511,1.0
31512,1.0
31513,1.0
31514,1.0
31515,1.0
31516,1.0
31517,3.9400398362626474e-47
31518,1.3619500919669404e-43
31519,7.912885004657526e-40
31520,1.0113270464642363e-41
31521,4.891269825972469e-52
31522,1.5692021037719934e-55
31523,9.298171559737925e-51
31524,4.09121574558269e-45
31525,1.296428267214985e-46
31526,1.187506538681936e-58
31527,1.0
31528,1.0
31529,1.0
31530,1.0
31531,1.0
31532,5.876891382514157e-38
31533,2.1095715290981697e-50
31534,1.0
31535,1.0
31536,1.0
31537,1.0
31538,1.0
31539,1.0
31540,1.0
31541,1.0
31542,1.0
31543,1.0
31544,1.0
31545,1.0
31546,1.0
31547,1.0
31548,1.0
31549,1.0
31550,1.0
31551,1.0
31552,1.0
31553,0.006078728102655207
31554,1.264878145872551e-09
31555,1.0
31556,7.657602180810361e-53
31557,2.5616840160802087e-54
31558,5.076305015105932e-53
31559,2.966543638673063e-46
31560,1.5961112269847697e-48
31561,1.0888927120560814e-58
31562,8.431807475714916e-25
31563,1.8099351594724598e-25
31564,4.521879925467462e-43
31565,8.41080507567806e-52
31566,4.9126717392592897e-51
31567,3.2444926284405574e-62
31568,7.901529396375362e-58
31569,1.1513786615356441e-49
31570,1.0280289064211548e-52
31571,1.0
31572,1.0
31573,1.0
31574,1.0
31575,1.0
31576,1.0
31577,0.999999900743422
31578,0.9999999999999996
31579,0.99999999999777
31580,0.999999999972019
31581,0.9973932136480386
31582,1.0
31583,1.0
31584,1.0
31585,1.0
31586,1.0
31587,1.0
31588,1.0
31589,1.0
31590,0.9997431195500085
31591,1.4447629275152262e-46
31592,9.317077108273215e-62
31593,1.0
31594,0.9999999999999503
31595,1.0
31596,9.933041463489373e-47
31597,8.872221159969778e-66
31598,7.350905693869827e-64
31599,2.754960388049863e-69
31600,1.2845378375360424e-67
31601,1.0
31602,1.0
31603,1.0
31604,1.0
31605,1.0
31606,1.0
31607,1.0
31608,1.0
31609,1.0
31610,1.0
31611,1.0
31612,1.0
31613,1.0
31614,1.0
31615,1.0
31616,1.0
31617,1.0
31618,1.0
31619,1.0
31620,1.0
31621,1.0
31622,1.0
31623,3.5280708239719746e-07
31624,0.9999999976871039
31625,0.9999999999999998
31626,1.0
31627,1.0
31628,1.0
31629,1.0
31630,1.0
31631,1.0
31632,1.0
31633,1.0
31634,1.0
31635,1.0
31636,1.0
31637,1.0
31638,1.0
31639,0.9999999999998954
31640,1.0
31641,1.0
31642,2.620676913755863e-36
31643,1.0
31644,1.0
31645,1.0
31646,1.0
31647,1.0
31648,1.3085111328694424e-13
31649,1.241985127886343e-44
31650,1.0
31651,1.0
31652,1.0
31653,1.0
31654,1.0
31655,1.0
31656,1.0
31657,1.0
31658,1.0
31659,1.0
31660,0.4895167759997261
31661,1.0
31662,1.0
31663,1.0
31664,1.0
31665,1.0
31666,1.0
31667,1.0
31668,1.0
31669,1.0
31670,2.477351374189038e-57
31671,4.374556460833401e-61
31672,2.8714654203577955e-52
31673,1.727031775938181e-40
31674,7.844487096588483e-43
31675,6.121794725905691e-35
31676,1.2434627105394412e-51
31677,1.8584887562838753e-55
31678,1.5680366223768267e-53
31679,0.9999999999999916
31680,1.0
31681,1.0
31682,1.0
31683,5.69808260026898e-43
31684,3.7454202673026594e-45
31685,0.9999999994996809
31686,1.0
31687,1.0
31688,1.0
31689,1.0
31690,3.774912424173949e-30
31691,8.936053965752046e-37
31692,2.486124869996812e-35
31693,3.331710769438583e-49
31694,1.0
31695,1.0
31696,1.0
31697,1.0
31698,1.0
31699,1.0
31700,1.0
31701,1.0
31702,1.0
31703,3.840794575878957e-27
31704,1.5346341643300138e-37
31705,1.0419814874472556e-46
31706,1.0
31707,1.0
31708,1.0
31709,1.0
31710,7.795493580227434e-41
31711,0.4661727822122037
31712,2.6021214395021685e-37
31713,4.19045883239914e-22
31714,1.0
31715,1.0
31716,1.0
31717,1.0
31718,1.0
31719,1.0
31720,1.0
31721,0.9999999999999998
31722,1.0
31723,1.0
31724,1.0
31725,1.0
31726,1.0
31727,1.0
31728,1.0
31729,1.0
31730,1.0
31731,0.006298584544621114
31732,8.391296624349113e-06
31733,0.9999999999999989
31734,1.2541176594591824e-65
31735,8.066848184229758e-60
31736,1.8773063737837853e-49
31737,1.0
31738,1.0
31739,1.0
31740,1.0
31741,1.0
31742,1.0
31743,1.0
31744,1.2475796660623271e-56
31745,3.656607382659366e-42
31746,1.5361610046659996e-55
31747,1.0
31748,1.0
31749,1.0
31750,1.0
31751,0.9999999999997056
31752,1.0
31753,3.820688096756909e-58
31754,6.08277835133373e-71
31755,2.816098813670498e-72
31756,1.4833359381262112e-71
31757,1.0904926242815254e-71
31758,1.0118951650872801e-78
31759,2.0102906586206235e-53
31760,8.497198900793214e-51
31761,5.80738474155385e-53
31762,6.748474235986744e-53
31763,1.0
31764,1.0
31765,1.0
31766,1.0
31767,1.0
31768,1.0
31769,1.0
31770,1.0
31771,1.0
31772,1.0
31773,1.0
31774,1.0
31775,1.0
31776,1.0
31777,1.0
31778,1.829928275614783e-46
31779,7.096258635236508e-44
31780,1.0
31781,1.0
31782,1.0
31783,1.0
31784,1.0
31785,1.0
31786,1.0
31787,1.0
31788,1.0
31789,1.0
31790,1.0
31791,1.0
31792,1.0
31793,1.0
31794,1.0
31795,1.0
31796,1.0
31797,1.0
31798,1.0
31799,1.0
31800,1.0
31801,1.0
31802,1.0
31803,1.0
31804,1.0
31805,1.0
31806,1.0
31807,4.824747946156941e-41
31808,3.4908117042407796e-25
31809,5.7315315132435785e-37
31810,4.7057440655777326e-42
31811,7.221153544835915e-49
31812,1.0
31813,1.0
31814,1.0
31815,1.0
31816,1.0
31817,1.0
31818,1.0
31819,1.0
31820,1.0
31821,1.0
31822,1.0
31823,1.0
31824,0.9908705314443063
31825,1.0
31826,1.3133359934585992e-20
31827,1.0554845444292198e-54
31828,1.390820365118297e-54
31829,4.71748768042443e-55
31830,2.2781913745532857e-55
31831,1.6066606397909616e-75
31832,3.491101359661402e-61
31833,1.0
31834,1.0
31835,1.0
31836,1.0
31837,1.0
31838,1.0
31839,1.0
31840,1.0
31841,1.0
31842,1.0
31843,1.0
31844,1.0
31845,1.2467921162074477e-11
31846,8.055491549353755e-17
31847,6.396787973490106e-26
31848,1.0
31849,1.0
31850,1.0
31851,1.0
31852,0.9999999999953264
31853,1.0
31854,0.9999999999954592
31855,0.9999999999992863
31856,1.0
31857,1.0
31858,1.0
31859,1.0
31860,1.0
31861,1.0
31862,1.0
31863,1.0
31864,1.0
31865,1.0
31866,1.0
31867,1.0
31868,1.0
31869,1.0
31870,1.0
31871,1.0
31872,1.0
31873,1.0
31874,1.0
31875,1.0
31876,1.0
31877,1.0
31878,1.0
31879,1.0
31880,1.0
31881,1.0
31882,7.723123935139985e-12
31883,0.999999939394394
31884,1.0
31885,1.0
31886,1.0
31887,1.0
31888,0.9999999999999993
31889,1.0
31890,1.0
31891,1.0
31892,1.0
31893,1.0
31894,1.0
31895,1.0
31896,1.0
31897,1.0
31898,1.0
31899,0.9999999999999885
31900,1.0
31901,1.0
31902,1.0
31903,1.0
31904,0.9999999999999405
31905,0.9999999999999976
31906,1.0
31907,1.0
31908,1.0
31909,1.0
31910,1.0
31911,1.0
31912,1.0
31913,1.0
31914,1.0
31915,1.0
31916,1.0
31917,1.0
31918,1.0
31919,1.0
31920,1.0
31921,1.0
31922,1.0
31923,1.0
31924,1.0
31925,1.0
31926,1.0
31927,1.0
31928,1.0
31929,1.0
31930,1.0
31931,1.0
31932,1.0
31933,1.0
31934,1.0
31935,1.0
31936,1.0
31937,1.0
31938,1.0
31939,1.0
31940,1.0
31941,1.0
31942,1.0
31943,1.0
31944,1.0
31945,1.0
31946,1.0
31947,1.0
31948,1.0
31949,1.0
31950,1.0
31951,1.0
31952,1.0
31953,1.0
31954,1.0
31955,1.0
31956,1.0
31957,1.0
31958,1.0
31959,1.0
31960,1.0
31961,1.0
31962,1.0
31963,1.0
31964,1.0
31965,1.0
31966,1.0
31967,1.0
31968,1.0
31969,1.0
31970,1.0
31971,1.0
31972,1.0
31973,1.0
31974,1.0
31975,1.0
31976,1.0
31977,1.0
31978,1.0
31979,1.0
31980,1.0
31981,1.0
31982,1.0
31983,1.0
31984,1.0
31985,1.0
31986,1.0
31987,1.0
31988,1.0
31989,0.9999999999066493
31990,0.9999999969981772
31991,1.0
31992,1.0
31993,1.0
31994,1.0
31995,1.0
31996,1.0
31997,1.0
31998,1.0
31999,1.0
32000,1.0
32001,1.0
32002,1.0
32003,1.0
32004,1.0
32005,1.0
32006,1.0
32007,1.0
32008,1.0
32009,1.0
32010,1.0
32011,1.0
32012,1.0
32013,1.0
32014,1.0
32015,1.0
32016,1.0
32017,1.0
32018,1.0
32019,1.0
32020,1.0
32021,1.0
32022,1.0
32023,1.0
32024,1.0
32025,1.0
32026,1.0
32027,1.0
32028,1.0
32029,1.0
32030,1.5113618240185312e-37
32031,8.159014060259783e-51
32032,1.0874681511315676e-50
32033,1.0
32034,1.0
32035,1.0
32036,1.0
32037,1.0
32038,1.0
32039,1.0
32040,1.0
32041,1.0
32042,1.0
32043,1.0
32044,1.0
32045,1.0
32046,1.0
32047,1.0
32048,1.0
32049,1.213697174520121e-39
32050,0.9999999999953058
32051,1.0
32052,1.0
32053,1.0
32054,1.0
32055,1.0
32056,1.0
32057,1.0
32058,1.0
32059,1.0
32060,1.0
32061,1.0
32062,1.0
32063,1.0
32064,1.0
32065,1.0
32066,1.0
32067,1.0
32068,1.0
32069,1.0
32070,1.0
32071,1.594637598386576e-50
32072,1.0
32073,1.0
32074,1.0
32075,1.0
32076,1.0
32077,1.0
32078,1.0
32079,1.0
32080,1.0
32081,1.0
32082,1.0
32083,1.0
32084,1.0
32085,1.0
32086,1.0
32087,1.0
32088,1.0
32089,1.0
32090,1.0
32091,1.0
32092,1.0
32093,1.0
32094,1.0
32095,1.0
32096,1.0
32097,1.0
32098,1.0
32099,1.0
32100,1.0
32101,5.2298073676901883e-23
32102,1.0
32103,1.0
32104,1.0
32105,1.0
32106,1.0
32107,1.0
32108,1.0
32109,1.0
32110,1.0
32111,1.0
32112,1.0
32113,1.0
32114,1.0
32115,1.0
32116,1.0
32117,1.0
32118,1.0
32119,1.0
32120,1.0
32121,1.0
32122,1.0
32123,1.0
32124,1.0
32125,1.0
32126,1.0
32127,1.0
32128,1.0
32129,1.0
32130,1.0
32131,1.0
32132,1.0
32133,1.0
32134,1.0
32135,1.0
32136,1.0
32137,1.0
32138,1.0
32139,1.0
32140,1.0
32141,1.0
32142,1.0
32143,1.0
32144,1.0
32145,1.0
32146,1.0
32147,1.0
32148,1.0
32149,1.0
32150,1.0
32151,1.0
32152,1.0
32153,1.0
32154,1.0
32155,1.0
32156,1.0
32157,1.0
32158,1.0
32159,1.0
32160,1.0
32161,1.0
32162,1.0
32163,1.0
32164,1.0
32165,1.219343562445497e-11
32166,4.185130690699289e-46
32167,4.502007211971535e-16
32168,6.799454370825701e-35
32169,0.9762742009097619
32170,1.0
32171,1.0
32172,1.0
32173,1.0
32174,0.9999999595371251
32175,1.0
32176,1.0
32177,1.0
32178,1.0
32179,1.0
32180,1.0
32181,1.0
32182,1.0
32183,1.0
32184,1.0
32185,1.0
32186,1.0
32187,1.0
32188,1.0
32189,1.0
32190,1.0
32191,1.0
32192,1.0
32193,1.0
32194,1.0
32195,1.0
32196,1.0
32197,2.2565643109003618e-13
32198,1.1607481890497436e-50
32199,1.0
32200,1.0
32201,1.0
32202,1.0
32203,1.0
32204,1.0
32205,1.0
32206,1.0
32207,1.0
32208,1.0
32209,1.0
32210,1.0
32211,1.0
32212,0.9990404769179254
32213,1.894533833230978e-40
32214,5.722051474177561e-42
32215,1.0
32216,1.0
32217,1.0
32218,1.0
32219,1.0
32220,1.0
32221,1.0
32222,1.0
32223,1.0
32224,1.0
32225,1.0
32226,1.0
32227,1.0
32228,1.0
32229,1.0
32230,1.0
32231,1.0
32232,5.002784155970129e-44
32233,1.0
32234,1.0
32235,1.0
32236,1.0
32237,0.9999999999999993
32238,1.0
32239,1.0
32240,1.0
32241,1.0
32242,1.0
32243,1.0
32244,1.0
32245,0.9999999999999749
32246,1.0
32247,3.8975745255141875e-47
32248,2.859062304147243e-16
32249,1.0
32250,1.0
32251,1.0
32252,1.0
32253,1.0
32254,1.0
32255,1.0
32256,1.0
32257,1.0
32258,1.0
32259,1.0
32260,1.0
32261,1.0
32262,1.0
32263,1.0
32264,1.0
32265,1.0
32266,0.993762366530143
32267,3.2224485577899656e-44
32268,1.0
32269,1.0
32270,1.0506683058255867e-09
32271,1.8016224537254027e-36
32272,1.7206966683066532e-32
32273,1.3407426651871143e-41
32274,7.56437758632508e-32
32275,5.312792077012906e-21
32276,1.6207524591514682e-43
32277,6.121454045644125e-60
32278,2.5670194254564913e-64
32279,1.0
32280,0.9999999999999407
32281,0.9999999999800215
32282,1.0
32283,1.0
32284,1.0
32285,1.0
32286,1.0
32287,1.0
32288,1.0
32289,1.0
32290,1.0
32291,1.0667263506269518e-19
32292,1.2761256336117668e-34
32293,7.946118883426148e-14
32294,7.121295634504121e-32
32295,1.0
32296,1.0
32297,1.0
32298,1.0
32299,1.0
32300,1.0
32301,1.0
32302,0.9999999999999882
32303,1.0
32304,1.0
32305,1.0
32306,1.0
32307,1.0
32308,1.0
32309,1.0
32310,1.0
32311,1.0
32312,1.0
32313,0.9999999981737404
32314,0.9992201857938446
32315,1.0
32316,1.0
32317,1.0
32318,1.0
32319,1.0
32320,1.0
32321,1.0
32322,1.0
32323,1.0
32324,1.0
32325,1.7735389957249347e-50
32326,5.698120489687154e-52
32327,3.049212199481378e-42
32328,1.0
32329,1.0
32330,1.0
32331,1.0
32332,1.0
32333,1.0
32334,1.0
32335,1.0
32336,0.0002989473330184845
32337,3.4815056129245823e-38
32338,1.0
32339,1.0
32340,0.9999999728032226
32341,0.9999999850336676
32342,1.0
32343,1.0
32344,1.0
32345,1.0
32346,1.0
32347,1.0
32348,1.0
32349,1.0
32350,1.0
32351,1.0
32352,1.0
32353,0.9999999999999949
32354,1.0
32355,1.0
32356,1.0
32357,1.0
32358,1.0
32359,1.0
32360,1.0
32361,1.0
32362,1.0
32363,1.0
32364,1.0
32365,1.0
32366,1.0
32367,1.0
32368,1.0
32369,1.0
32370,1.0
32371,1.0
32372,1.0
32373,1.0
32374,1.0
32375,1.0
32376,0.9998197304538488
32377,0.9999914973167062
32378,1.8745081255466156e-14
32379,0.9999999999996307
32380,0.999999995517477
32381,1.0
32382,1.0
32383,1.0
32384,4.382685334330473e-52
32385,9.567193547794397e-42
32386,0.0005330297408182073
32387,0.01301857614964185
32388,2.1805884152231915e-11
32389,1.0
32390,1.0
32391,1.0
32392,1.0
32393,1.0
32394,1.0
32395,1.0
32396,1.0
32397,1.0
32398,1.0
